Ma,P/P_0,T/T_0,r/r_0,c/c_0,A/A*
0.00,1.0000E+00,1.0000E+00,1.0000E+00,1.0000E+00,Infinity
0.01,9.9993E-01,9.9998E-01,9.9995E-01,9.9999E-01,5.7874E+01
0.02,9.9972E-01,9.9992E-01,9.9980E-01,9.9996E-01,2.8942E+01
0.03,9.9937E-01,9.9982E-01,9.9955E-01,9.9991E-01,1.9301E+01
0.04,9.9888E-01,9.9968E-01,9.9920E-01,9.9984E-01,1.4481E+01
0.05,9.9825E-01,9.9950E-01,9.9875E-01,9.9975E-01,1.1591E+01
0.06,9.9748E-01,9.9928E-01,9.9820E-01,9.9964E-01,9.6659E+00
0.07,9.9658E-01,9.9902E-01,9.9755E-01,9.9951E-01,8.2915E+00
0.08,9.9553E-01,9.9872E-01,9.9681E-01,9.9936E-01,7.2616E+00
0.09,9.9435E-01,9.9838E-01,9.9596E-01,9.9919E-01,6.4613E+00
0.10,9.9303E-01,9.9800E-01,9.9502E-01,9.9900E-01,5.8218E+00
0.11,9.9158E-01,9.9759E-01,9.9398E-01,9.9879E-01,5.2992E+00
0.12,9.8998E-01,9.9713E-01,9.9284E-01,9.9856E-01,4.8643E+00
0.13,9.8826E-01,9.9663E-01,9.9160E-01,9.9831E-01,4.4969E+00
0.14,9.8640E-01,9.9610E-01,9.9027E-01,9.9805E-01,4.1824E+00
0.15,9.8441E-01,9.9552E-01,9.8884E-01,9.9776E-01,3.9103E+00
0.16,9.8228E-01,9.9491E-01,9.8731E-01,9.9745E-01,3.6727E+00
0.17,9.8003E-01,9.9425E-01,9.8569E-01,9.9712E-01,3.4635E+00
0.18,9.7765E-01,9.9356E-01,9.8398E-01,9.9678E-01,3.2779E+00
0.19,9.7514E-01,9.9283E-01,9.8218E-01,9.9641E-01,3.1123E+00
0.20,9.7250E-01,9.9206E-01,9.8028E-01,9.9602E-01,2.9635E+00
0.21,9.6973E-01,9.9126E-01,9.7829E-01,9.9562E-01,2.8293E+00
0.22,9.6685E-01,9.9041E-01,9.7620E-01,9.9519E-01,2.7076E+00
0.23,9.6383E-01,9.8953E-01,9.7403E-01,9.9475E-01,2.5968E+00
0.24,9.6070E-01,9.8861E-01,9.7177E-01,9.9429E-01,2.4956E+00
0.25,9.5745E-01,9.8765E-01,9.6942E-01,9.9381E-01,2.4027E+00
0.26,9.5408E-01,9.8666E-01,9.6698E-01,9.9331E-01,2.3173E+00
0.27,9.5060E-01,9.8563E-01,9.6446E-01,9.9279E-01,2.2385E+00
0.28,9.4700E-01,9.8456E-01,9.6185E-01,9.9225E-01,2.1656E+00
0.29,9.4329E-01,9.8346E-01,9.5916E-01,9.9169E-01,2.0979E+00
0.30,9.3947E-01,9.8232E-01,9.5638E-01,9.9112E-01,2.0351E+00
0.31,9.3554E-01,9.8114E-01,9.5352E-01,9.9053E-01,1.9765E+00
0.32,9.3150E-01,9.7993E-01,9.5058E-01,9.8991E-01,1.9219E+00
0.33,9.2736E-01,9.7868E-01,9.4756E-01,9.8928E-01,1.8707E+00
0.34,9.2312E-01,9.7740E-01,9.4446E-01,9.8864E-01,1.8229E+00
0.35,9.1877E-01,9.7609E-01,9.4128E-01,9.8797E-01,1.7780E+00
0.36,9.1433E-01,9.7473E-01,9.3803E-01,9.8729E-01,1.7358E+00
0.37,9.0979E-01,9.7335E-01,9.3470E-01,9.8658E-01,1.6961E+00
0.38,9.0516E-01,9.7193E-01,9.3130E-01,9.8587E-01,1.6587E+00
0.39,9.0043E-01,9.7048E-01,9.2782E-01,9.8513E-01,1.6234E+00
0.40,8.9561E-01,9.6899E-01,9.2427E-01,9.8437E-01,1.5901E+00
0.41,8.9071E-01,9.6747E-01,9.2066E-01,9.8360E-01,1.5587E+00
0.42,8.8572E-01,9.6592E-01,9.1697E-01,9.8281E-01,1.5289E+00
0.43,8.8065E-01,9.6434E-01,9.1322E-01,9.8201E-01,1.5007E+00
0.44,8.7550E-01,9.6272E-01,9.0940E-01,9.8118E-01,1.4740E+00
0.45,8.7027E-01,9.6108E-01,9.0551E-01,9.8035E-01,1.4487E+00
0.46,8.6496E-01,9.5940E-01,9.0157E-01,9.7949E-01,1.4246E+00
0.47,8.5958E-01,9.5769E-01,8.9756E-01,9.7862E-01,1.4018E+00
0.48,8.5413E-01,9.5595E-01,8.9349E-01,9.7773E-01,1.3801E+00
0.49,8.4861E-01,9.5418E-01,8.8936E-01,9.7682E-01,1.3595E+00
0.50,8.4302E-01,9.5238E-01,8.8517E-01,9.7590E-01,1.3398E+00
0.51,8.3737E-01,9.5055E-01,8.8093E-01,9.7496E-01,1.3212E+00
0.52,8.3165E-01,9.4869E-01,8.7663E-01,9.7401E-01,1.3034E+00
0.53,8.2588E-01,9.4681E-01,8.7228E-01,9.7304E-01,1.2865E+00
0.54,8.2005E-01,9.4489E-01,8.6788E-01,9.7206E-01,1.2703E+00
0.55,8.1417E-01,9.4295E-01,8.6342E-01,9.7106E-01,1.2549E+00
0.56,8.0823E-01,9.4098E-01,8.5892E-01,9.7004E-01,1.2403E+00
0.57,8.0224E-01,9.3898E-01,8.5437E-01,9.6901E-01,1.2263E+00
0.58,7.9621E-01,9.3696E-01,8.4978E-01,9.6797E-01,1.2130E+00
0.59,7.9013E-01,9.3491E-01,8.4514E-01,9.6691E-01,1.2003E+00
0.60,7.8400E-01,9.3284E-01,8.4045E-01,9.6583E-01,1.1882E+00
0.61,7.7784E-01,9.3073E-01,8.3573E-01,9.6475E-01,1.1767E+00
0.62,7.7164E-01,9.2861E-01,8.3096E-01,9.6364E-01,1.1656E+00
0.63,7.6540E-01,9.2646E-01,8.2616E-01,9.6253E-01,1.1552E+00
0.64,7.5913E-01,9.2428E-01,8.2132E-01,9.6140E-01,1.1451E+00
0.65,7.5283E-01,9.2208E-01,8.1644E-01,9.6025E-01,1.1356E+00
0.66,7.4650E-01,9.1986E-01,8.1153E-01,9.5909E-01,1.1265E+00
0.67,7.4014E-01,9.1762E-01,8.0659E-01,9.5792E-01,1.1179E+00
0.68,7.3376E-01,9.1535E-01,8.0162E-01,9.5674E-01,1.1097E+00
0.69,7.2735E-01,9.1306E-01,7.9661E-01,9.5554E-01,1.1018E+00
0.70,7.2093E-01,9.1075E-01,7.9158E-01,9.5433E-01,1.0944E+00
0.71,7.1448E-01,9.0841E-01,7.8652E-01,9.5311E-01,1.0873E+00
0.72,7.0803E-01,9.0606E-01,7.8143E-01,9.5187E-01,1.0806E+00
0.73,7.0155E-01,9.0369E-01,7.7632E-01,9.5062E-01,1.0742E+00
0.74,6.9507E-01,9.0129E-01,7.7119E-01,9.4936E-01,1.0681E+00
0.75,6.8857E-01,8.9888E-01,7.6604E-01,9.4809E-01,1.0624E+00
0.76,6.8207E-01,8.9644E-01,7.6086E-01,9.4681E-01,1.0570E+00
0.77,6.7556E-01,8.9399E-01,7.5567E-01,9.4551E-01,1.0519E+00
0.78,6.6905E-01,8.9152E-01,7.5046E-01,9.4420E-01,1.0471E+00
0.79,6.6254E-01,8.8903E-01,7.4523E-01,9.4288E-01,1.0425E+00
0.80,6.5602E-01,8.8652E-01,7.3999E-01,9.4155E-01,1.0382E+00
0.81,6.4951E-01,8.8400E-01,7.3474E-01,9.4021E-01,1.0342E+00
0.82,6.4300E-01,8.8146E-01,7.2947E-01,9.3886E-01,1.0305E+00
0.83,6.3650E-01,8.7890E-01,7.2419E-01,9.3750E-01,1.0270E+00
0.84,6.3000E-01,8.7633E-01,7.1891E-01,9.3613E-01,1.0237E+00
0.85,6.2351E-01,8.7374E-01,7.1361E-01,9.3474E-01,1.0207E+00
0.86,6.1703E-01,8.7114E-01,7.0831E-01,9.3335E-01,1.0179E+00
0.87,6.1057E-01,8.6852E-01,7.0300E-01,9.3195E-01,1.0153E+00
0.88,6.0412E-01,8.6589E-01,6.9768E-01,9.3053E-01,1.0129E+00
0.89,5.9768E-01,8.6324E-01,6.9236E-01,9.2911E-01,1.0108E+00
0.90,5.9126E-01,8.6059E-01,6.8704E-01,9.2768E-01,1.0089E+00
0.91,5.8486E-01,8.5791E-01,6.8172E-01,9.2624E-01,1.0071E+00
0.92,5.7848E-01,8.5523E-01,6.7640E-01,9.2478E-01,1.0056E+00
0.93,5.7211E-01,8.5253E-01,6.7108E-01,9.2333E-01,1.0043E+00
0.94,5.6578E-01,8.4982E-01,6.6576E-01,9.2186E-01,1.0031E+00
0.95,5.5946E-01,8.4710E-01,6.6044E-01,9.2038E-01,1.0021E+00
0.96,5.5317E-01,8.4437E-01,6.5513E-01,9.1889E-01,1.0014E+00
0.97,5.4691E-01,8.4162E-01,6.4982E-01,9.1740E-01,1.0008E+00
0.98,5.4067E-01,8.3887E-01,6.4452E-01,9.1590E-01,1.0003E+00
0.99,5.3446E-01,8.3611E-01,6.3923E-01,9.1439E-01,1.0001E+00
1.00,5.2828E-01,8.3333E-01,6.3394E-01,9.1287E-01,1.0000E+00
1.01,5.2213E-01,8.3055E-01,6.2866E-01,9.1135E-01,1.0001E+00
1.02,5.1602E-01,8.2776E-01,6.2339E-01,9.0981E-01,1.0003E+00
1.03,5.0994E-01,8.2496E-01,6.1813E-01,9.0827E-01,1.0007E+00
1.04,5.0389E-01,8.2215E-01,6.1289E-01,9.0673E-01,1.0013E+00
1.05,4.9787E-01,8.1934E-01,6.0765E-01,9.0517E-01,1.0020E+00
1.06,4.9189E-01,8.1651E-01,6.0243E-01,9.0361E-01,1.0029E+00
1.07,4.8595E-01,8.1368E-01,5.9722E-01,9.0204E-01,1.0039E+00
1.08,4.8005E-01,8.1085E-01,5.9203E-01,9.0047E-01,1.0051E+00
1.09,4.7418E-01,8.0800E-01,5.8686E-01,8.9889E-01,1.0064E+00
1.10,4.6835E-01,8.0515E-01,5.8170E-01,8.9730E-01,1.0079E+00
1.11,4.6257E-01,8.0230E-01,5.7655E-01,8.9571E-01,1.0095E+00
1.12,4.5682E-01,7.9944E-01,5.7143E-01,8.9411E-01,1.0113E+00
1.13,4.5111E-01,7.9657E-01,5.6632E-01,8.9251E-01,1.0132E+00
1.14,4.4545E-01,7.9370E-01,5.6123E-01,8.9090E-01,1.0153E+00
1.15,4.3983E-01,7.9083E-01,5.5616E-01,8.8928E-01,1.0175E+00
1.16,4.3425E-01,7.8795E-01,5.5112E-01,8.8766E-01,1.0198E+00
1.17,4.2872E-01,7.8506E-01,5.4609E-01,8.8604E-01,1.0222E+00
1.18,4.2322E-01,7.8218E-01,5.4108E-01,8.8441E-01,1.0248E+00
1.19,4.1778E-01,7.7929E-01,5.3610E-01,8.8277E-01,1.0276E+00
1.20,4.1238E-01,7.7640E-01,5.3114E-01,8.8113E-01,1.0304E+00
1.21,4.0702E-01,7.7350E-01,5.2620E-01,8.7949E-01,1.0334E+00
1.22,4.0171E-01,7.7061E-01,5.2129E-01,8.7784E-01,1.0366E+00
1.23,3.9645E-01,7.6771E-01,5.1640E-01,8.7619E-01,1.0398E+00
1.24,3.9123E-01,7.6481E-01,5.1154E-01,8.7453E-01,1.0432E+00
1.25,3.8606E-01,7.6190E-01,5.0670E-01,8.7287E-01,1.0468E+00
1.26,3.8093E-01,7.5900E-01,5.0189E-01,8.7121E-01,1.0504E+00
1.27,3.7586E-01,7.5610E-01,4.9710E-01,8.6954E-01,1.0542E+00
1.28,3.7083E-01,7.5319E-01,4.9234E-01,8.6787E-01,1.0581E+00
1.29,3.6585E-01,7.5029E-01,4.8761E-01,8.6619E-01,1.0621E+00
1.30,3.6091E-01,7.4738E-01,4.8290E-01,8.6451E-01,1.0663E+00
1.31,3.5603E-01,7.4448E-01,4.7822E-01,8.6283E-01,1.0706E+00
1.32,3.5119E-01,7.4158E-01,4.7357E-01,8.6115E-01,1.0750E+00
1.33,3.4640E-01,7.3867E-01,4.6895E-01,8.5946E-01,1.0796E+00
1.34,3.4166E-01,7.3577E-01,4.6436E-01,8.5777E-01,1.0842E+00
1.35,3.3697E-01,7.3287E-01,4.5980E-01,8.5608E-01,1.0890E+00
1.36,3.3233E-01,7.2997E-01,4.5526E-01,8.5438E-01,1.0940E+00
1.37,3.2773E-01,7.2707E-01,4.5076E-01,8.5269E-01,1.0990E+00
1.38,3.2319E-01,7.2418E-01,4.4628E-01,8.5099E-01,1.1042E+00
1.39,3.1869E-01,7.2128E-01,4.4184E-01,8.4928E-01,1.1095E+00
1.40,3.1424E-01,7.1839E-01,4.3742E-01,8.4758E-01,1.1149E+00
1.41,3.0984E-01,7.1550E-01,4.3304E-01,8.4587E-01,1.1205E+00
1.42,3.0549E-01,7.1262E-01,4.2869E-01,8.4417E-01,1.1262E+00
1.43,3.0118E-01,7.0973E-01,4.2436E-01,8.4246E-01,1.1320E+00
1.44,2.9693E-01,7.0685E-01,4.2007E-01,8.4075E-01,1.1379E+00
1.45,2.9272E-01,7.0398E-01,4.1581E-01,8.3903E-01,1.1440E+00
1.46,2.8856E-01,7.0110E-01,4.1158E-01,8.3732E-01,1.1501E+00
1.47,2.8445E-01,6.9824E-01,4.0739E-01,8.3561E-01,1.1565E+00
1.48,2.8039E-01,6.9537E-01,4.0322E-01,8.3389E-01,1.1629E+00
1.49,2.7637E-01,6.9251E-01,3.9909E-01,8.3217E-01,1.1695E+00
1.50,2.7240E-01,6.8966E-01,3.9498E-01,8.3045E-01,1.1762E+00
1.51,2.6848E-01,6.8680E-01,3.9091E-01,8.2874E-01,1.1830E+00
1.52,2.6461E-01,6.8396E-01,3.8688E-01,8.2702E-01,1.1899E+00
1.53,2.6078E-01,6.8112E-01,3.8287E-01,8.2530E-01,1.1970E+00
1.54,2.5700E-01,6.7828E-01,3.7890E-01,8.2358E-01,1.2042E+00
1.55,2.5326E-01,6.7545E-01,3.7495E-01,8.2186E-01,1.2116E+00
1.56,2.4957E-01,6.7262E-01,3.7105E-01,8.2014E-01,1.2190E+00
1.57,2.4593E-01,6.6980E-01,3.6717E-01,8.1841E-01,1.2266E+00
1.58,2.4233E-01,6.6699E-01,3.6332E-01,8.1669E-01,1.2344E+00
1.59,2.3878E-01,6.6418E-01,3.5951E-01,8.1497E-01,1.2422E+00
1.60,2.3527E-01,6.6138E-01,3.5573E-01,8.1325E-01,1.2502E+00
1.61,2.3181E-01,6.5858E-01,3.5198E-01,8.1153E-01,1.2584E+00
1.62,2.2839E-01,6.5579E-01,3.4827E-01,8.0981E-01,1.2666E+00
1.63,2.2501E-01,6.5301E-01,3.4458E-01,8.0809E-01,1.2750E+00
1.64,2.2168E-01,6.5023E-01,3.4093E-01,8.0637E-01,1.2836E+00
1.65,2.1839E-01,6.4746E-01,3.3731E-01,8.0465E-01,1.2922E+00
1.66,2.1515E-01,6.4470E-01,3.3372E-01,8.0293E-01,1.3010E+00
1.67,2.1195E-01,6.4194E-01,3.3017E-01,8.0121E-01,1.3100E+00
1.68,2.0879E-01,6.3919E-01,3.2664E-01,7.9949E-01,1.3190E+00
1.69,2.0567E-01,6.3645E-01,3.2315E-01,7.9778E-01,1.3283E+00
1.70,2.0259E-01,6.3371E-01,3.1969E-01,7.9606E-01,1.3376E+00
1.71,1.9956E-01,6.3099E-01,3.1626E-01,7.9435E-01,1.3471E+00
1.72,1.9656E-01,6.2827E-01,3.1287E-01,7.9263E-01,1.3567E+00
1.73,1.9361E-01,6.2556E-01,3.0950E-01,7.9092E-01,1.3665E+00
1.74,1.9070E-01,6.2285E-01,3.0617E-01,7.8921E-01,1.3764E+00
1.75,1.8782E-01,6.2016E-01,3.0287E-01,7.8750E-01,1.3865E+00
1.76,1.8499E-01,6.1747E-01,2.9959E-01,7.8579E-01,1.3967E+00
1.77,1.8219E-01,6.1479E-01,2.9635E-01,7.8408E-01,1.4070E+00
1.78,1.7944E-01,6.1211E-01,2.9315E-01,7.8238E-01,1.4175E+00
1.79,1.7672E-01,6.0945E-01,2.8997E-01,7.8067E-01,1.4282E+00
1.80,1.7404E-01,6.0680E-01,2.8682E-01,7.7897E-01,1.4390E+00
1.81,1.7140E-01,6.0415E-01,2.8370E-01,7.7727E-01,1.4499E+00
1.82,1.6879E-01,6.0151E-01,2.8061E-01,7.7557E-01,1.4610E+00
1.83,1.6622E-01,5.9888E-01,2.7756E-01,7.7387E-01,1.4723E+00
1.84,1.6369E-01,5.9626E-01,2.7453E-01,7.7218E-01,1.4836E+00
1.85,1.6119E-01,5.9365E-01,2.7153E-01,7.7049E-01,1.4952E+00
1.86,1.5873E-01,5.9104E-01,2.6857E-01,7.6879E-01,1.5069E+00
1.87,1.5631E-01,5.8845E-01,2.6563E-01,7.6710E-01,1.5187E+00
1.88,1.5392E-01,5.8586E-01,2.6272E-01,7.6542E-01,1.5308E+00
1.89,1.5156E-01,5.8329E-01,2.5984E-01,7.6373E-01,1.5429E+00
1.90,1.4924E-01,5.8072E-01,2.5699E-01,7.6205E-01,1.5553E+00
1.91,1.4695E-01,5.7816E-01,2.5417E-01,7.6037E-01,1.5677E+00
1.92,1.4470E-01,5.7561E-01,2.5138E-01,7.5869E-01,1.5804E+00
1.93,1.4247E-01,5.7307E-01,2.4861E-01,7.5702E-01,1.5932E+00
1.94,1.4028E-01,5.7054E-01,2.4588E-01,7.5534E-01,1.6062E+00
1.95,1.3813E-01,5.6802E-01,2.4317E-01,7.5367E-01,1.6193E+00
1.96,1.3600E-01,5.6551E-01,2.4049E-01,7.5200E-01,1.6326E+00
1.97,1.3390E-01,5.6301E-01,2.3784E-01,7.5034E-01,1.6461E+00
1.98,1.3184E-01,5.6051E-01,2.3521E-01,7.4867E-01,1.6597E+00
1.99,1.2981E-01,5.5803E-01,2.3262E-01,7.4701E-01,1.6735E+00
1.00,5.2828E-01,8.3333E-01,6.3394E-01,9.1287E-01,1.0000E+00
1.01,5.2213E-01,8.3055E-01,6.2866E-01,9.1135E-01,1.0001E+00
1.02,5.1602E-01,8.2776E-01,6.2339E-01,9.0981E-01,1.0003E+00
1.03,5.0994E-01,8.2496E-01,6.1813E-01,9.0827E-01,1.0007E+00
1.04,5.0389E-01,8.2215E-01,6.1289E-01,9.0673E-01,1.0013E+00
1.05,4.9787E-01,8.1934E-01,6.0765E-01,9.0517E-01,1.0020E+00
1.06,4.9189E-01,8.1651E-01,6.0243E-01,9.0361E-01,1.0029E+00
1.07,4.8595E-01,8.1368E-01,5.9722E-01,9.0204E-01,1.0039E+00
1.08,4.8005E-01,8.1085E-01,5.9203E-01,9.0047E-01,1.0051E+00
1.09,4.7418E-01,8.0800E-01,5.8686E-01,8.9889E-01,1.0064E+00
1.10,4.6835E-01,8.0515E-01,5.8170E-01,8.9730E-01,1.0079E+00
1.11,4.6257E-01,8.0230E-01,5.7655E-01,8.9571E-01,1.0095E+00
1.12,4.5682E-01,7.9944E-01,5.7143E-01,8.9411E-01,1.0113E+00
1.13,4.5111E-01,7.9657E-01,5.6632E-01,8.9251E-01,1.0132E+00
1.14,4.4545E-01,7.9370E-01,5.6123E-01,8.9090E-01,1.0153E+00
1.15,4.3983E-01,7.9083E-01,5.5616E-01,8.8928E-01,1.0175E+00
1.16,4.3425E-01,7.8795E-01,5.5112E-01,8.8766E-01,1.0198E+00
1.17,4.2872E-01,7.8506E-01,5.4609E-01,8.8604E-01,1.0222E+00
1.18,4.2322E-01,7.8218E-01,5.4108E-01,8.8441E-01,1.0248E+00
1.19,4.1778E-01,7.7929E-01,5.3610E-01,8.8277E-01,1.0276E+00
1.20,4.1238E-01,7.7640E-01,5.3114E-01,8.8113E-01,1.0304E+00
1.21,4.0702E-01,7.7350E-01,5.2620E-01,8.7949E-01,1.0334E+00
1.22,4.0171E-01,7.7061E-01,5.2129E-01,8.7784E-01,1.0366E+00
1.23,3.9645E-01,7.6771E-01,5.1640E-01,8.7619E-01,1.0398E+00
1.24,3.9123E-01,7.6481E-01,5.1154E-01,8.7453E-01,1.0432E+00
1.25,3.8606E-01,7.6190E-01,5.0670E-01,8.7287E-01,1.0468E+00
1.26,3.8093E-01,7.5900E-01,5.0189E-01,8.7121E-01,1.0504E+00
1.27,3.7586E-01,7.5610E-01,4.9710E-01,8.6954E-01,1.0542E+00
1.28,3.7083E-01,7.5319E-01,4.9234E-01,8.6787E-01,1.0581E+00
1.29,3.6585E-01,7.5029E-01,4.8761E-01,8.6619E-01,1.0621E+00
1.30,3.6091E-01,7.4738E-01,4.8290E-01,8.6451E-01,1.0663E+00
1.31,3.5603E-01,7.4448E-01,4.7822E-01,8.6283E-01,1.0706E+00
1.32,3.5119E-01,7.4158E-01,4.7357E-01,8.6115E-01,1.0750E+00
1.33,3.4640E-01,7.3867E-01,4.6895E-01,8.5946E-01,1.0796E+00
1.34,3.4166E-01,7.3577E-01,4.6436E-01,8.5777E-01,1.0842E+00
1.35,3.3697E-01,7.3287E-01,4.5980E-01,8.5608E-01,1.0890E+00
1.36,3.3233E-01,7.2997E-01,4.5526E-01,8.5438E-01,1.0940E+00
1.37,3.2773E-01,7.2707E-01,4.5076E-01,8.5269E-01,1.0990E+00
1.38,3.2319E-01,7.2418E-01,4.4628E-01,8.5099E-01,1.1042E+00
1.39,3.1869E-01,7.2128E-01,4.4184E-01,8.4928E-01,1.1095E+00
1.40,3.1424E-01,7.1839E-01,4.3742E-01,8.4758E-01,1.1149E+00
1.41,3.0984E-01,7.1550E-01,4.3304E-01,8.4587E-01,1.1205E+00
1.42,3.0549E-01,7.1262E-01,4.2869E-01,8.4417E-01,1.1262E+00
1.43,3.0118E-01,7.0973E-01,4.2436E-01,8.4246E-01,1.1320E+00
1.44,2.9693E-01,7.0685E-01,4.2007E-01,8.4075E-01,1.1379E+00
1.45,2.9272E-01,7.0398E-01,4.1581E-01,8.3903E-01,1.1440E+00
1.46,2.8856E-01,7.0110E-01,4.1158E-01,8.3732E-01,1.1501E+00
1.47,2.8445E-01,6.9824E-01,4.0739E-01,8.3561E-01,1.1565E+00
1.48,2.8039E-01,6.9537E-01,4.0322E-01,8.3389E-01,1.1629E+00
1.49,2.7637E-01,6.9251E-01,3.9909E-01,8.3217E-01,1.1695E+00
1.50,2.7240E-01,6.8966E-01,3.9498E-01,8.3045E-01,1.1762E+00
1.51,2.6848E-01,6.8680E-01,3.9091E-01,8.2874E-01,1.1830E+00
1.52,2.6461E-01,6.8396E-01,3.8688E-01,8.2702E-01,1.1899E+00
1.53,2.6078E-01,6.8112E-01,3.8287E-01,8.2530E-01,1.1970E+00
1.54,2.5700E-01,6.7828E-01,3.7890E-01,8.2358E-01,1.2042E+00
1.55,2.5326E-01,6.7545E-01,3.7495E-01,8.2186E-01,1.2116E+00
1.56,2.4957E-01,6.7262E-01,3.7105E-01,8.2014E-01,1.2190E+00
1.57,2.4593E-01,6.6980E-01,3.6717E-01,8.1841E-01,1.2266E+00
1.58,2.4233E-01,6.6699E-01,3.6332E-01,8.1669E-01,1.2344E+00
1.59,2.3878E-01,6.6418E-01,3.5951E-01,8.1497E-01,1.2422E+00
1.60,2.3527E-01,6.6138E-01,3.5573E-01,8.1325E-01,1.2502E+00
1.61,2.3181E-01,6.5858E-01,3.5198E-01,8.1153E-01,1.2584E+00
1.62,2.2839E-01,6.5579E-01,3.4827E-01,8.0981E-01,1.2666E+00
1.63,2.2501E-01,6.5301E-01,3.4458E-01,8.0809E-01,1.2750E+00
1.64,2.2168E-01,6.5023E-01,3.4093E-01,8.0637E-01,1.2836E+00
1.65,2.1839E-01,6.4746E-01,3.3731E-01,8.0465E-01,1.2922E+00
1.66,2.1515E-01,6.4470E-01,3.3372E-01,8.0293E-01,1.3010E+00
1.67,2.1195E-01,6.4194E-01,3.3017E-01,8.0121E-01,1.3100E+00
1.68,2.0879E-01,6.3919E-01,3.2664E-01,7.9949E-01,1.3190E+00
1.69,2.0567E-01,6.3645E-01,3.2315E-01,7.9778E-01,1.3283E+00
1.70,2.0259E-01,6.3371E-01,3.1969E-01,7.9606E-01,1.3376E+00
1.71,1.9956E-01,6.3099E-01,3.1626E-01,7.9435E-01,1.3471E+00
1.72,1.9656E-01,6.2827E-01,3.1287E-01,7.9263E-01,1.3567E+00
1.73,1.9361E-01,6.2556E-01,3.0950E-01,7.9092E-01,1.3665E+00
1.74,1.9070E-01,6.2285E-01,3.0617E-01,7.8921E-01,1.3764E+00
1.75,1.8782E-01,6.2016E-01,3.0287E-01,7.8750E-01,1.3865E+00
1.76,1.8499E-01,6.1747E-01,2.9959E-01,7.8579E-01,1.3967E+00
1.77,1.8219E-01,6.1479E-01,2.9635E-01,7.8408E-01,1.4070E+00
1.78,1.7944E-01,6.1211E-01,2.9315E-01,7.8238E-01,1.4175E+00
1.79,1.7672E-01,6.0945E-01,2.8997E-01,7.8067E-01,1.4282E+00
1.80,1.7404E-01,6.0680E-01,2.8682E-01,7.7897E-01,1.4390E+00
1.81,1.7140E-01,6.0415E-01,2.8370E-01,7.7727E-01,1.4499E+00
1.82,1.6879E-01,6.0151E-01,2.8061E-01,7.7557E-01,1.4610E+00
1.83,1.6622E-01,5.9888E-01,2.7756E-01,7.7387E-01,1.4723E+00
1.84,1.6369E-01,5.9626E-01,2.7453E-01,7.7218E-01,1.4836E+00
1.85,1.6119E-01,5.9365E-01,2.7153E-01,7.7049E-01,1.4952E+00
1.86,1.5873E-01,5.9104E-01,2.6857E-01,7.6879E-01,1.5069E+00
1.87,1.5631E-01,5.8845E-01,2.6563E-01,7.6710E-01,1.5187E+00
1.88,1.5392E-01,5.8586E-01,2.6272E-01,7.6542E-01,1.5308E+00
1.89,1.5156E-01,5.8329E-01,2.5984E-01,7.6373E-01,1.5429E+00
1.90,1.4924E-01,5.8072E-01,2.5699E-01,7.6205E-01,1.5553E+00
1.91,1.4695E-01,5.7816E-01,2.5417E-01,7.6037E-01,1.5677E+00
1.92,1.4470E-01,5.7561E-01,2.5138E-01,7.5869E-01,1.5804E+00
1.93,1.4247E-01,5.7307E-01,2.4861E-01,7.5702E-01,1.5932E+00
1.94,1.4028E-01,5.7054E-01,2.4588E-01,7.5534E-01,1.6062E+00
1.95,1.3813E-01,5.6802E-01,2.4317E-01,7.5367E-01,1.6193E+00
1.96,1.3600E-01,5.6551E-01,2.4049E-01,7.5200E-01,1.6326E+00
1.97,1.3390E-01,5.6301E-01,2.3784E-01,7.5034E-01,1.6461E+00
1.98,1.3184E-01,5.6051E-01,2.3521E-01,7.4867E-01,1.6597E+00
1.99,1.2981E-01,5.5803E-01,2.3262E-01,7.4701E-01,1.6735E+00
2.00,1.2780E-01,5.5556E-01,2.3005E-01,7.4536E-01,1.6875E+00
2.01,1.2583E-01,5.5309E-01,2.2751E-01,7.4370E-01,1.7016E+00
2.02,1.2389E-01,5.5064E-01,2.2499E-01,7.4205E-01,1.7160E+00
2.03,1.2197E-01,5.4819E-01,2.2250E-01,7.4040E-01,1.7305E+00
2.04,1.2009E-01,5.4576E-01,2.2004E-01,7.3875E-01,1.7451E+00
2.05,1.1823E-01,5.4333E-01,2.1760E-01,7.3711E-01,1.7600E+00
2.06,1.1640E-01,5.4091E-01,2.1519E-01,7.3547E-01,1.7750E+00
2.07,1.1460E-01,5.3851E-01,2.1281E-01,7.3383E-01,1.7902E+00
2.08,1.1282E-01,5.3611E-01,2.1045E-01,7.3220E-01,1.8056E+00
2.09,1.1107E-01,5.3373E-01,2.0811E-01,7.3057E-01,1.8212E+00
2.10,1.0935E-01,5.3135E-01,2.0580E-01,7.2894E-01,1.8369E+00
2.11,1.0766E-01,5.2898E-01,2.0352E-01,7.2731E-01,1.8529E+00
2.12,1.0599E-01,5.2663E-01,2.0126E-01,7.2569E-01,1.8690E+00
2.13,1.0434E-01,5.2428E-01,1.9902E-01,7.2407E-01,1.8853E+00
2.14,1.0273E-01,5.2194E-01,1.9681E-01,7.2246E-01,1.9018E+00
2.15,1.0113E-01,5.1962E-01,1.9463E-01,7.2084E-01,1.9185E+00
2.16,9.9562E-02,5.1730E-01,1.9247E-01,7.1923E-01,1.9354E+00
2.17,9.8017E-02,5.1499E-01,1.9033E-01,7.1763E-01,1.9525E+00
2.18,9.6495E-02,5.1269E-01,1.8821E-01,7.1603E-01,1.9698E+00
2.19,9.4997E-02,5.1041E-01,1.8612E-01,7.1443E-01,1.9873E+00
2.20,9.3522E-02,5.0813E-01,1.8405E-01,7.1283E-01,2.0050E+00
2.21,9.2069E-02,5.0586E-01,1.8200E-01,7.1124E-01,2.0229E+00
2.22,9.0640E-02,5.0361E-01,1.7998E-01,7.0965E-01,2.0409E+00
2.23,8.9232E-02,5.0136E-01,1.7798E-01,7.0807E-01,2.0592E+00
2.24,8.7846E-02,4.9912E-01,1.7600E-01,7.0649E-01,2.0777E+00
2.25,8.6482E-02,4.9689E-01,1.7404E-01,7.0491E-01,2.0964E+00
2.26,8.5139E-02,4.9468E-01,1.7211E-01,7.0333E-01,2.1153E+00
2.27,8.3817E-02,4.9247E-01,1.7020E-01,7.0176E-01,2.1345E+00
2.28,8.2515E-02,4.9027E-01,1.6830E-01,7.0019E-01,2.1538E+00
2.29,8.1234E-02,4.8809E-01,1.6643E-01,6.9863E-01,2.1734E+00
2.30,7.9973E-02,4.8591E-01,1.6458E-01,6.9707E-01,2.1931E+00
2.31,7.8731E-02,4.8374E-01,1.6275E-01,6.9552E-01,2.2131E+00
2.32,7.7509E-02,4.8158E-01,1.6095E-01,6.9396E-01,2.2333E+00
2.33,7.6306E-02,4.7944E-01,1.5916E-01,6.9241E-01,2.2538E+00
2.34,7.5122E-02,4.7730E-01,1.5739E-01,6.9087E-01,2.2744E+00
2.35,7.3957E-02,4.7517E-01,1.5564E-01,6.8933E-01,2.2953E+00
2.36,7.2810E-02,4.7305E-01,1.5391E-01,6.8779E-01,2.3164E+00
2.37,7.1681E-02,4.7095E-01,1.5221E-01,6.8626E-01,2.3377E+00
2.38,7.0570E-02,4.6885E-01,1.5052E-01,6.8473E-01,2.3593E+00
2.39,6.9476E-02,4.6676E-01,1.4885E-01,6.8320E-01,2.3811E+00
2.40,6.8399E-02,4.6468E-01,1.4720E-01,6.8168E-01,2.4031E+00
2.41,6.7340E-02,4.6262E-01,1.4556E-01,6.8016E-01,2.4254E+00
2.42,6.6297E-02,4.6056E-01,1.4395E-01,6.7864E-01,2.4479E+00
2.43,6.5271E-02,4.5851E-01,1.4235E-01,6.7713E-01,2.4706E+00
2.44,6.4261E-02,4.5647E-01,1.4078E-01,6.7563E-01,2.4936E+00
2.45,6.3267E-02,4.5444E-01,1.3922E-01,6.7412E-01,2.5168E+00
2.46,6.2288E-02,4.5242E-01,1.3768E-01,6.7262E-01,2.5403E+00
2.47,6.1326E-02,4.5041E-01,1.3615E-01,6.7113E-01,2.5640E+00
2.48,6.0378E-02,4.4841E-01,1.3465E-01,6.6964E-01,2.5880E+00
2.49,5.9445E-02,4.4642E-01,1.3316E-01,6.6815E-01,2.6122E+00
2.50,5.8528E-02,4.4444E-01,1.3169E-01,6.6667E-01,2.6367E+00
2.51,5.7624E-02,4.4247E-01,1.3023E-01,6.6519E-01,2.6615E+00
2.52,5.6736E-02,4.4051E-01,1.2879E-01,6.6371E-01,2.6865E+00
2.53,5.5861E-02,4.3856E-01,1.2737E-01,6.6224E-01,2.7117E+00
2.54,5.5000E-02,4.3662E-01,1.2597E-01,6.6077E-01,2.7372E+00
2.55,5.4153E-02,4.3469E-01,1.2458E-01,6.5931E-01,2.7630E+00
2.56,5.3319E-02,4.3277E-01,1.2321E-01,6.5785E-01,2.7891E+00
2.57,5.2499E-02,4.3085E-01,1.2185E-01,6.5639E-01,2.8154E+00
2.58,5.1692E-02,4.2895E-01,1.2051E-01,6.5494E-01,2.8420E+00
2.59,5.0897E-02,4.2705E-01,1.1918E-01,6.5349E-01,2.8688E+00
2.60,5.0115E-02,4.2517E-01,1.1787E-01,6.5205E-01,2.8960E+00
2.61,4.9346E-02,4.2329E-01,1.1658E-01,6.5061E-01,2.9234E+00
2.62,4.8589E-02,4.2143E-01,1.1530E-01,6.4918E-01,2.9511E+00
2.63,4.7844E-02,4.1957E-01,1.1403E-01,6.4774E-01,2.9791E+00
2.64,4.7110E-02,4.1772E-01,1.1278E-01,6.4632E-01,3.0073E+00
2.65,4.6389E-02,4.1589E-01,1.1154E-01,6.4489E-01,3.0359E+00
2.66,4.5679E-02,4.1406E-01,1.1032E-01,6.4347E-01,3.0647E+00
2.67,4.4980E-02,4.1224E-01,1.0911E-01,6.4206E-01,3.0938E+00
2.68,4.4292E-02,4.1043E-01,1.0792E-01,6.4065E-01,3.1233E+00
2.69,4.3616E-02,4.0863E-01,1.0674E-01,6.3924E-01,3.1530E+00
2.70,4.2950E-02,4.0683E-01,1.0557E-01,6.3784E-01,3.1830E+00
2.71,4.2295E-02,4.0505E-01,1.0442E-01,6.3644E-01,3.2133E+00
2.72,4.1650E-02,4.0328E-01,1.0328E-01,6.3504E-01,3.2440E+00
2.73,4.1016E-02,4.0151E-01,1.0215E-01,6.3365E-01,3.2749E+00
2.74,4.0391E-02,3.9976E-01,1.0104E-01,6.3226E-01,3.3061E+00
2.75,3.9777E-02,3.9801E-01,9.9939E-02,6.3088E-01,3.3377E+00
2.76,3.9172E-02,3.9627E-01,9.8851E-02,6.2950E-01,3.3695E+00
2.77,3.8577E-02,3.9454E-01,9.7777E-02,6.2813E-01,3.4017E+00
2.78,3.7992E-02,3.9282E-01,9.6714E-02,6.2676E-01,3.4342E+00
2.79,3.7415E-02,3.9111E-01,9.5664E-02,6.2539E-01,3.4670E+00
2.80,3.6848E-02,3.8941E-01,9.4626E-02,6.2403E-01,3.5001E+00
2.81,3.6290E-02,3.8771E-01,9.3601E-02,6.2267E-01,3.5336E+00
2.82,3.5741E-02,3.8603E-01,9.2587E-02,6.2131E-01,3.5674E+00
2.83,3.5201E-02,3.8435E-01,9.1585E-02,6.1996E-01,3.6015E+00
2.84,3.4669E-02,3.8268E-01,9.0594E-02,6.1861E-01,3.6359E+00
2.85,3.4146E-02,3.8102E-01,8.9616E-02,6.1727E-01,3.6707E+00
2.86,3.3631E-02,3.7937E-01,8.8648E-02,6.1593E-01,3.7058E+00
2.87,3.3124E-02,3.7773E-01,8.7692E-02,6.1460E-01,3.7413E+00
2.88,3.2625E-02,3.7610E-01,8.6747E-02,6.1327E-01,3.7771E+00
2.89,3.2134E-02,3.7447E-01,8.5813E-02,6.1194E-01,3.8133E+00
2.90,3.1651E-02,3.7286E-01,8.4889E-02,6.1062E-01,3.8498E+00
2.91,3.1176E-02,3.7125E-01,8.3977E-02,6.0930E-01,3.8866E+00
2.92,3.0708E-02,3.6965E-01,8.3075E-02,6.0799E-01,3.9238E+00
2.93,3.0248E-02,3.6806E-01,8.2183E-02,6.0668E-01,3.9614E+00
2.94,2.9795E-02,3.6647E-01,8.1302E-02,6.0537E-01,3.9993E+00
2.95,2.9349E-02,3.6490E-01,8.0431E-02,6.0407E-01,4.0376E+00
2.96,2.8910E-02,3.6333E-01,7.9571E-02,6.0277E-01,4.0763E+00
2.97,2.8479E-02,3.6177E-01,7.8720E-02,6.0147E-01,4.1153E+00
2.98,2.8054E-02,3.6022E-01,7.7879E-02,6.0018E-01,4.1547E+00
2.99,2.7635E-02,3.5868E-01,7.7048E-02,5.9890E-01,4.1944E+00
3.00,2.7224E-02,3.5714E-01,7.6226E-02,5.9761E-01,4.2346E+00
3.01,2.6819E-02,3.5562E-01,7.5414E-02,5.9634E-01,4.2751E+00
3.02,2.6420E-02,3.5410E-01,7.4612E-02,5.9506E-01,4.3160E+00
3.03,2.6027E-02,3.5259E-01,7.3819E-02,5.9379E-01,4.3573E+00
3.04,2.5641E-02,3.5108E-01,7.3034E-02,5.9252E-01,4.3989E+00
3.05,2.5261E-02,3.4959E-01,7.2260E-02,5.9126E-01,4.4410E+00
3.06,2.4887E-02,3.4810E-01,7.1494E-02,5.9000E-01,4.4835E+00
3.07,2.4519E-02,3.4662E-01,7.0736E-02,5.8875E-01,4.5263E+00
3.08,2.4156E-02,3.4515E-01,6.9988E-02,5.8750E-01,4.5696E+00
3.09,2.3800E-02,3.4369E-01,6.9248E-02,5.8625E-01,4.6132E+00
3.10,2.3449E-02,3.4223E-01,6.8517E-02,5.8501E-01,4.6573E+00
3.11,2.3103E-02,3.4078E-01,6.7794E-02,5.8377E-01,4.7018E+00
3.12,2.2763E-02,3.3934E-01,6.7080E-02,5.8253E-01,4.7467E+00
3.13,2.2428E-02,3.3791E-01,6.6374E-02,5.8130E-01,4.7920E+00
3.14,2.2099E-02,3.3648E-01,6.5676E-02,5.8007E-01,4.8377E+00
3.15,2.1775E-02,3.3506E-01,6.4986E-02,5.7885E-01,4.8838E+00
3.16,2.1455E-02,3.3365E-01,6.4304E-02,5.7763E-01,4.9304E+00
3.17,2.1141E-02,3.3225E-01,6.3630E-02,5.7641E-01,4.9774E+00
3.18,2.0832E-02,3.3085E-01,6.2964E-02,5.7520E-01,5.0248E+00
3.19,2.0527E-02,3.2947E-01,6.2305E-02,5.7399E-01,5.0727E+00
3.20,2.0228E-02,3.2808E-01,6.1654E-02,5.7279E-01,5.1210E+00
3.21,1.9933E-02,3.2671E-01,6.1011E-02,5.7159E-01,5.1697E+00
3.22,1.9642E-02,3.2534E-01,6.0374E-02,5.7039E-01,5.2189E+00
3.23,1.9357E-02,3.2398E-01,5.9746E-02,5.6920E-01,5.2685E+00
3.24,1.9075E-02,3.2263E-01,5.9124E-02,5.6801E-01,5.3186E+00
3.25,1.8798E-02,3.2129E-01,5.8510E-02,5.6682E-01,5.3691E+00
3.26,1.8526E-02,3.1995E-01,5.7902E-02,5.6564E-01,5.4201E+00
3.27,1.8257E-02,3.1862E-01,5.7302E-02,5.6446E-01,5.4715E+00
3.28,1.7993E-02,3.1729E-01,5.6708E-02,5.6329E-01,5.5234E+00
3.29,1.7733E-02,3.1597E-01,5.6121E-02,5.6212E-01,5.5758E+00
3.30,1.7477E-02,3.1466E-01,5.5541E-02,5.6095E-01,5.6286E+00
3.31,1.7225E-02,3.1336E-01,5.4968E-02,5.5979E-01,5.6820E+00
3.32,1.6977E-02,3.1206E-01,5.4401E-02,5.5863E-01,5.7358E+00
3.33,1.6732E-02,3.1077E-01,5.3841E-02,5.5747E-01,5.7900E+00
3.34,1.6492E-02,3.0949E-01,5.3287E-02,5.5632E-01,5.8448E+00
3.35,1.6255E-02,3.0821E-01,5.2739E-02,5.5517E-01,5.9000E+00
3.36,1.6022E-02,3.0694E-01,5.2197E-02,5.5403E-01,5.9558E+00
3.37,1.5792E-02,3.0568E-01,5.1662E-02,5.5288E-01,6.0120E+00
3.38,1.5566E-02,3.0443E-01,5.1133E-02,5.5175E-01,6.0687E+00
3.39,1.5344E-02,3.0318E-01,5.0610E-02,5.5061E-01,6.1260E+00
3.40,1.5125E-02,3.0193E-01,5.0093E-02,5.4948E-01,6.1837E+00
3.41,1.4909E-02,3.0070E-01,4.9581E-02,5.4836E-01,6.2419E+00
3.42,1.4697E-02,2.9947E-01,4.9076E-02,5.4723E-01,6.3007E+00
3.43,1.4487E-02,2.9824E-01,4.8576E-02,5.4612E-01,6.3600E+00
3.44,1.4282E-02,2.9702E-01,4.8082E-02,5.4500E-01,6.4198E+00
3.45,1.4079E-02,2.9581E-01,4.7594E-02,5.4389E-01,6.4801E+00
3.46,1.3879E-02,2.9461E-01,4.7111E-02,5.4278E-01,6.5409E+00
3.47,1.3683E-02,2.9341E-01,4.6633E-02,5.4167E-01,6.6023E+00
3.48,1.3489E-02,2.9222E-01,4.6161E-02,5.4057E-01,6.6642E+00
3.49,1.3299E-02,2.9103E-01,4.5694E-02,5.3948E-01,6.7266E+00
3.50,1.3111E-02,2.8986E-01,4.5233E-02,5.3838E-01,6.7896E+00
3.51,1.2926E-02,2.8868E-01,4.4776E-02,5.3729E-01,6.8532E+00
3.52,1.2744E-02,2.8751E-01,4.4325E-02,5.3620E-01,6.9172E+00
3.53,1.2565E-02,2.8635E-01,4.3879E-02,5.3512E-01,6.9819E+00
3.54,1.2389E-02,2.8520E-01,4.3438E-02,5.3404E-01,7.0471E+00
3.55,1.2215E-02,2.8405E-01,4.3002E-02,5.3296E-01,7.1128E+00
3.56,1.2044E-02,2.8291E-01,4.2571E-02,5.3189E-01,7.1791E+00
3.57,1.1875E-02,2.8177E-01,4.2145E-02,5.3082E-01,7.2460E+00
3.58,1.1709E-02,2.8064E-01,4.1723E-02,5.2975E-01,7.3135E+00
3.59,1.1546E-02,2.7952E-01,4.1306E-02,5.2869E-01,7.3815E+00
3.60,1.1385E-02,2.7840E-01,4.0894E-02,5.2763E-01,7.4501E+00
3.61,1.1226E-02,2.7728E-01,4.0486E-02,5.2658E-01,7.5193E+00
3.62,1.1070E-02,2.7618E-01,4.0083E-02,5.2552E-01,7.5891E+00
3.63,1.0916E-02,2.7507E-01,3.9685E-02,5.2448E-01,7.6595E+00
3.64,1.0765E-02,2.7398E-01,3.9291E-02,5.2343E-01,7.7305E+00
3.65,1.0616E-02,2.7289E-01,3.8901E-02,5.2239E-01,7.8020E+00
3.66,1.0469E-02,2.7180E-01,3.8516E-02,5.2135E-01,7.8742E+00
3.67,1.0324E-02,2.7073E-01,3.8135E-02,5.2031E-01,7.9470E+00
3.68,1.0182E-02,2.6965E-01,3.7758E-02,5.1928E-01,8.0204E+00
3.69,1.0041E-02,2.6858E-01,3.7386E-02,5.1825E-01,8.0944E+00
3.70,9.9029E-03,2.6752E-01,3.7017E-02,5.1723E-01,8.1691E+00
3.71,9.7667E-03,2.6647E-01,3.6653E-02,5.1620E-01,8.2443E+00
3.72,9.6325E-03,2.6542E-01,3.6292E-02,5.1518E-01,8.3202E+00
3.73,9.5004E-03,2.6437E-01,3.5936E-02,5.1417E-01,8.3968E+00
3.74,9.3702E-03,2.6333E-01,3.5584E-02,5.1316E-01,8.4739E+00
3.75,9.2420E-03,2.6230E-01,3.5235E-02,5.1215E-01,8.5517E+00
3.76,9.1157E-03,2.6127E-01,3.4890E-02,5.1114E-01,8.6302E+00
3.77,8.9912E-03,2.6024E-01,3.4550E-02,5.1014E-01,8.7093E+00
3.78,8.8687E-03,2.5922E-01,3.4212E-02,5.0914E-01,8.7891E+00
3.79,8.7479E-03,2.5821E-01,3.3879E-02,5.0814E-01,8.8695E+00
3.80,8.6290E-03,2.5720E-01,3.3549E-02,5.0715E-01,8.9506E+00
3.81,8.5118E-03,2.5620E-01,3.3223E-02,5.0616E-01,9.0323E+00
3.82,8.3963E-03,2.5520E-01,3.2901E-02,5.0517E-01,9.1148E+00
3.83,8.2826E-03,2.5421E-01,3.2582E-02,5.0419E-01,9.1979E+00
3.84,8.1705E-03,2.5322E-01,3.2266E-02,5.0321E-01,9.2817E+00
3.85,8.0601E-03,2.5224E-01,3.1954E-02,5.0223E-01,9.3661E+00
3.86,7.9513E-03,2.5126E-01,3.1646E-02,5.0126E-01,9.4513E+00
3.87,7.8442E-03,2.5029E-01,3.1340E-02,5.0029E-01,9.5372E+00
3.88,7.7386E-03,2.4932E-01,3.1039E-02,4.9932E-01,9.6237E+00
3.89,7.6345E-03,2.4836E-01,3.0740E-02,4.9836E-01,9.7110E+00
3.90,7.5320E-03,2.4740E-01,3.0445E-02,4.9740E-01,9.7990E+00
3.91,7.4311E-03,2.4645E-01,3.0152E-02,4.9644E-01,9.8877E+00
3.92,7.3315E-03,2.4550E-01,2.9863E-02,4.9548E-01,9.9771E+00
3.93,7.2335E-03,2.4456E-01,2.9578E-02,4.9453E-01,1.0067E+01
3.94,7.1369E-03,2.4362E-01,2.9295E-02,4.9358E-01,1.0158E+01
3.95,7.0417E-03,2.4269E-01,2.9015E-02,4.9263E-01,1.0250E+01
3.96,6.9479E-03,2.4176E-01,2.8739E-02,4.9169E-01,1.0342E+01
3.97,6.8554E-03,2.4084E-01,2.8465E-02,4.9075E-01,1.0435E+01
3.98,6.7643E-03,2.3992E-01,2.8194E-02,4.8981E-01,1.0529E+01
3.99,6.6745E-03,2.3900E-01,2.7926E-02,4.8888E-01,1.0623E+01
4.00,6.5861E-03,2.3810E-01,2.7662E-02,4.8795E-01,1.0719E+01
4.01,6.4989E-03,2.3719E-01,2.7400E-02,4.8702E-01,1.0815E+01
4.02,6.4130E-03,2.3629E-01,2.7140E-02,4.8610E-01,1.0912E+01
4.03,6.3283E-03,2.3539E-01,2.6884E-02,4.8518E-01,1.1009E+01
4.04,6.2449E-03,2.3450E-01,2.6630E-02,4.8426E-01,1.1108E+01
4.05,6.1627E-03,2.3362E-01,2.6379E-02,4.8334E-01,1.1207E+01
4.06,6.0816E-03,2.3274E-01,2.6131E-02,4.8243E-01,1.1307E+01
4.07,6.0018E-03,2.3186E-01,2.5885E-02,4.8152E-01,1.1408E+01
4.08,5.9230E-03,2.3099E-01,2.5643E-02,4.8061E-01,1.1509E+01
4.09,5.8455E-03,2.3012E-01,2.5402E-02,4.7970E-01,1.1611E+01
4.10,5.7690E-03,2.2925E-01,2.5164E-02,4.7880E-01,1.1715E+01
4.11,5.6936E-03,2.2839E-01,2.4929E-02,4.7790E-01,1.1819E+01
4.12,5.6193E-03,2.2754E-01,2.4696E-02,4.7701E-01,1.1923E+01
4.13,5.5461E-03,2.2669E-01,2.4466E-02,4.7612E-01,1.2029E+01
4.14,5.4739E-03,2.2584E-01,2.4238E-02,4.7523E-01,1.2135E+01
4.15,5.4028E-03,2.2500E-01,2.4013E-02,4.7434E-01,1.2243E+01
4.16,5.3327E-03,2.2416E-01,2.3790E-02,4.7345E-01,1.2351E+01
4.17,5.2636E-03,2.2332E-01,2.3569E-02,4.7257E-01,1.2460E+01
4.18,5.1954E-03,2.2250E-01,2.3351E-02,4.7169E-01,1.2570E+01
4.19,5.1283E-03,2.2167E-01,2.3135E-02,4.7082E-01,1.2680E+01
4.20,5.0621E-03,2.2085E-01,2.2921E-02,4.6994E-01,1.2792E+01
4.21,4.9968E-03,2.2003E-01,2.2710E-02,4.6907E-01,1.2904E+01
4.22,4.9325E-03,2.1922E-01,2.2500E-02,4.6821E-01,1.3017E+01
4.23,4.8690E-03,2.1841E-01,2.2293E-02,4.6734E-01,1.3131E+01
4.24,4.8065E-03,2.1760E-01,2.2088E-02,4.6648E-01,1.3246E+01
4.25,4.7449E-03,2.1680E-01,2.1886E-02,4.6562E-01,1.3362E+01
4.26,4.6841E-03,2.1601E-01,2.1685E-02,4.6476E-01,1.3479E+01
4.27,4.6242E-03,2.1521E-01,2.1487E-02,4.6391E-01,1.3597E+01
4.28,4.5651E-03,2.1442E-01,2.1290E-02,4.6306E-01,1.3715E+01
4.29,4.5069E-03,2.1364E-01,2.1096E-02,4.6221E-01,1.3835E+01
4.30,4.4494E-03,2.1286E-01,2.0903E-02,4.6136E-01,1.3955E+01
4.31,4.3928E-03,2.1208E-01,2.0713E-02,4.6052E-01,1.4076E+01
4.32,4.3370E-03,2.1131E-01,2.0525E-02,4.5968E-01,1.4198E+01
4.33,4.2820E-03,2.1054E-01,2.0338E-02,4.5884E-01,1.4322E+01
4.34,4.2277E-03,2.0977E-01,2.0154E-02,4.5801E-01,1.4446E+01
4.35,4.1742E-03,2.0901E-01,1.9971E-02,4.5717E-01,1.4571E+01
4.36,4.1214E-03,2.0825E-01,1.9791E-02,4.5634E-01,1.4697E+01
4.37,4.0694E-03,2.0750E-01,1.9612E-02,4.5552E-01,1.4823E+01
4.38,4.0181E-03,2.0674E-01,1.9435E-02,4.5469E-01,1.4951E+01
4.39,3.9675E-03,2.0600E-01,1.9260E-02,4.5387E-01,1.5080E+01
4.40,3.9176E-03,2.0525E-01,1.9087E-02,4.5305E-01,1.5210E+01
4.41,3.8685E-03,2.0451E-01,1.8915E-02,4.5223E-01,1.5341E+01
4.42,3.8199E-03,2.0378E-01,1.8746E-02,4.5142E-01,1.5472E+01
4.43,3.7721E-03,2.0305E-01,1.8578E-02,4.5061E-01,1.5605E+01
4.44,3.7249E-03,2.0232E-01,1.8411E-02,4.4980E-01,1.5739E+01
4.45,3.6784E-03,2.0159E-01,1.8247E-02,4.4899E-01,1.5873E+01
4.46,3.6325E-03,2.0087E-01,1.8084E-02,4.4819E-01,1.6009E+01
4.47,3.5873E-03,2.0015E-01,1.7923E-02,4.4738E-01,1.6146E+01
4.48,3.5427E-03,1.9944E-01,1.7763E-02,4.4659E-01,1.6284E+01
4.49,3.4987E-03,1.9873E-01,1.7605E-02,4.4579E-01,1.6422E+01
4.50,3.4553E-03,1.9802E-01,1.7449E-02,4.4499E-01,1.6562E+01
4.51,3.4124E-03,1.9732E-01,1.7294E-02,4.4420E-01,1.6703E+01
4.52,3.3702E-03,1.9662E-01,1.7141E-02,4.4341E-01,1.6845E+01
4.53,3.3286E-03,1.9592E-01,1.6990E-02,4.4263E-01,1.6988E+01
4.54,3.2875E-03,1.9522E-01,1.6840E-02,4.4184E-01,1.7132E+01
4.55,3.2470E-03,1.9453E-01,1.6691E-02,4.4106E-01,1.7277E+01
4.56,3.2070E-03,1.9385E-01,1.6544E-02,4.4028E-01,1.7423E+01
4.57,3.1676E-03,1.9316E-01,1.6399E-02,4.3950E-01,1.7570E+01
4.58,3.1287E-03,1.9248E-01,1.6255E-02,4.3873E-01,1.7718E+01
4.59,3.0904E-03,1.9181E-01,1.6112E-02,4.3796E-01,1.7867E+01
4.60,3.0526E-03,1.9113E-01,1.5971E-02,4.3719E-01,1.8018E+01
4.61,3.0152E-03,1.9046E-01,1.5831E-02,4.3642E-01,1.8169E+01
4.62,2.9784E-03,1.8979E-01,1.5693E-02,4.3565E-01,1.8322E+01
4.63,2.9421E-03,1.8913E-01,1.5556E-02,4.3489E-01,1.8476E+01
4.64,2.9063E-03,1.8847E-01,1.5420E-02,4.3413E-01,1.8630E+01
4.65,2.8709E-03,1.8781E-01,1.5286E-02,4.3337E-01,1.8786E+01
4.66,2.8361E-03,1.8716E-01,1.5153E-02,4.3262E-01,1.8943E+01
4.67,2.8017E-03,1.8651E-01,1.5022E-02,4.3186E-01,1.9101E+01
4.68,2.7677E-03,1.8586E-01,1.4892E-02,4.3111E-01,1.9261E+01
4.69,2.7343E-03,1.8521E-01,1.4763E-02,4.3036E-01,1.9421E+01
4.70,2.7012E-03,1.8457E-01,1.4635E-02,4.2962E-01,1.9583E+01
4.71,2.6687E-03,1.8393E-01,1.4509E-02,4.2887E-01,1.9746E+01
4.72,2.6365E-03,1.8330E-01,1.4384E-02,4.2813E-01,1.9910E+01
4.73,2.6048E-03,1.8266E-01,1.4260E-02,4.2739E-01,2.0075E+01
4.74,2.5735E-03,1.8203E-01,1.4138E-02,4.2665E-01,2.0241E+01
4.75,2.5426E-03,1.8141E-01,1.4016E-02,4.2592E-01,2.0408E+01
4.76,2.5121E-03,1.8078E-01,1.3896E-02,4.2518E-01,2.0577E+01
4.77,2.4821E-03,1.8016E-01,1.3777E-02,4.2445E-01,2.0747E+01
4.78,2.4524E-03,1.7954E-01,1.3659E-02,4.2373E-01,2.0918E+01
4.79,2.4231E-03,1.7893E-01,1.3543E-02,4.2300E-01,2.1090E+01
4.80,2.3943E-03,1.7832E-01,1.3427E-02,4.2228E-01,2.1264E+01
4.81,2.3658E-03,1.7771E-01,1.3313E-02,4.2155E-01,2.1438E+01
4.82,2.3376E-03,1.7710E-01,1.3199E-02,4.2083E-01,2.1614E+01
4.83,2.3099E-03,1.7650E-01,1.3087E-02,4.2012E-01,2.1792E+01
4.84,2.2825E-03,1.7590E-01,1.2976E-02,4.1940E-01,2.1970E+01
4.85,2.2555E-03,1.7530E-01,1.2866E-02,4.1869E-01,2.2150E+01
4.86,2.2288E-03,1.7471E-01,1.2758E-02,4.1798E-01,2.2331E+01
4.87,2.2025E-03,1.7411E-01,1.2650E-02,4.1727E-01,2.2513E+01
4.88,2.1765E-03,1.7352E-01,1.2543E-02,4.1656E-01,2.2696E+01
4.89,2.1509E-03,1.7294E-01,1.2437E-02,4.1586E-01,2.2881E+01
4.90,2.1256E-03,1.7235E-01,1.2333E-02,4.1516E-01,2.3067E+01
4.91,2.1006E-03,1.7177E-01,1.2229E-02,4.1446E-01,2.3254E+01
4.92,2.0760E-03,1.7120E-01,1.2126E-02,4.1376E-01,2.3443E+01
4.93,2.0517E-03,1.7062E-01,1.2025E-02,4.1306E-01,2.3633E+01
4.94,2.0277E-03,1.7005E-01,1.1924E-02,4.1237E-01,2.3824E+01
4.95,2.0040E-03,1.6948E-01,1.1824E-02,4.1168E-01,2.4017E+01
4.96,1.9806E-03,1.6891E-01,1.1726E-02,4.1099E-01,2.4211E+01
4.97,1.9575E-03,1.6835E-01,1.1628E-02,4.1030E-01,2.4406E+01
4.98,1.9347E-03,1.6778E-01,1.1531E-02,4.0961E-01,2.4603E+01
4.99,1.9122E-03,1.6722E-01,1.1435E-02,4.0893E-01,2.4801E+01
5.00,1.8900E-03,1.6667E-01,1.1340E-02,4.0825E-01,2.5000E+01
5.01,1.8681E-03,1.6611E-01,1.1246E-02,4.0757E-01,2.5201E+01
5.02,1.8465E-03,1.6556E-01,1.1153E-02,4.0689E-01,2.5403E+01
5.03,1.8252E-03,1.6501E-01,1.1061E-02,4.0622E-01,2.5606E+01
5.04,1.8041E-03,1.6447E-01,1.0969E-02,4.0554E-01,2.5811E+01
5.05,1.7833E-03,1.6392E-01,1.0879E-02,4.0487E-01,2.6017E+01
5.06,1.7628E-03,1.6338E-01,1.0789E-02,4.0420E-01,2.6225E+01
5.07,1.7425E-03,1.6284E-01,1.0701E-02,4.0353E-01,2.6434E+01
5.08,1.7225E-03,1.6230E-01,1.0613E-02,4.0287E-01,2.6644E+01
5.09,1.7027E-03,1.6177E-01,1.0526E-02,4.0221E-01,2.6856E+01
5.10,1.6832E-03,1.6124E-01,1.0439E-02,4.0154E-01,2.7070E+01
5.11,1.6640E-03,1.6071E-01,1.0354E-02,4.0089E-01,2.7284E+01
5.12,1.6449E-03,1.6018E-01,1.0269E-02,4.0023E-01,2.7501E+01
5.13,1.6262E-03,1.5966E-01,1.0185E-02,3.9957E-01,2.7718E+01
5.14,1.6077E-03,1.5914E-01,1.0102E-02,3.9892E-01,2.7937E+01
5.15,1.5894E-03,1.5862E-01,1.0020E-02,3.9827E-01,2.8158E+01
5.16,1.5713E-03,1.5810E-01,9.9387E-03,3.9762E-01,2.8380E+01
5.17,1.5535E-03,1.5759E-01,9.8580E-03,3.9697E-01,2.8604E+01
5.18,1.5359E-03,1.5707E-01,9.7780E-03,3.9632E-01,2.8829E+01
5.19,1.5185E-03,1.5656E-01,9.6989E-03,3.9568E-01,2.9055E+01
5.20,1.5013E-03,1.5605E-01,9.6204E-03,3.9504E-01,2.9283E+01
5.21,1.4844E-03,1.5555E-01,9.5427E-03,3.9440E-01,2.9513E+01
5.22,1.4676E-03,1.5505E-01,9.4657E-03,3.9376E-01,2.9744E+01
5.23,1.4511E-03,1.5455E-01,9.3895E-03,3.9312E-01,2.9977E+01
5.24,1.4348E-03,1.5405E-01,9.3140E-03,3.9249E-01,3.0211E+01
5.25,1.4187E-03,1.5355E-01,9.2391E-03,3.9186E-01,3.0447E+01
5.26,1.4028E-03,1.5306E-01,9.1650E-03,3.9122E-01,3.0684E+01
5.27,1.3871E-03,1.5257E-01,9.0915E-03,3.9060E-01,3.0923E+01
5.28,1.3715E-03,1.5208E-01,9.0188E-03,3.8997E-01,3.1163E+01
5.29,1.3562E-03,1.5159E-01,8.9467E-03,3.8934E-01,3.1405E+01
5.30,1.3411E-03,1.5110E-01,8.8753E-03,3.8872E-01,3.1649E+01
5.31,1.3261E-03,1.5062E-01,8.8046E-03,3.8810E-01,3.1894E+01
5.32,1.3114E-03,1.5014E-01,8.7345E-03,3.8748E-01,3.2141E+01
5.33,1.2968E-03,1.4966E-01,8.6650E-03,3.8686E-01,3.2390E+01
5.34,1.2824E-03,1.4918E-01,8.5962E-03,3.8624E-01,3.2640E+01
5.35,1.2682E-03,1.4871E-01,8.5281E-03,3.8563E-01,3.2891E+01
5.36,1.2542E-03,1.4824E-01,8.4605E-03,3.8502E-01,3.3145E+01
5.37,1.2403E-03,1.4777E-01,8.3936E-03,3.8441E-01,3.3400E+01
5.38,1.2266E-03,1.4730E-01,8.3273E-03,3.8380E-01,3.3656E+01
5.39,1.2131E-03,1.4683E-01,8.2616E-03,3.8319E-01,3.3915E+01
5.40,1.1997E-03,1.4637E-01,8.1965E-03,3.8258E-01,3.4175E+01
5.41,1.1865E-03,1.4591E-01,8.1320E-03,3.8198E-01,3.4437E+01
5.42,1.1735E-03,1.4545E-01,8.0682E-03,3.8138E-01,3.4700E+01
5.43,1.1606E-03,1.4499E-01,8.0048E-03,3.8078E-01,3.4965E+01
5.44,1.1479E-03,1.4454E-01,7.9421E-03,3.8018E-01,3.5232E+01
5.45,1.1354E-03,1.4408E-01,7.8799E-03,3.7958E-01,3.5500E+01
5.46,1.1230E-03,1.4363E-01,7.8183E-03,3.7899E-01,3.5771E+01
5.47,1.1107E-03,1.4318E-01,7.7573E-03,3.7839E-01,3.6043E+01
5.48,1.0986E-03,1.4273E-01,7.6968E-03,3.7780E-01,3.6316E+01
5.49,1.0866E-03,1.4229E-01,7.6369E-03,3.7721E-01,3.6592E+01
5.50,1.0748E-03,1.4184E-01,7.5775E-03,3.7662E-01,3.6869E+01
5.51,1.0632E-03,1.4140E-01,7.5187E-03,3.7603E-01,3.7148E+01
5.52,1.0516E-03,1.4096E-01,7.4604E-03,3.7545E-01,3.7429E+01
5.53,1.0402E-03,1.4052E-01,7.4026E-03,3.7487E-01,3.7711E+01
5.54,1.0290E-03,1.4009E-01,7.3453E-03,3.7428E-01,3.7996E+01
5.55,1.0179E-03,1.3966E-01,7.2886E-03,3.7370E-01,3.8282E+01
5.56,1.0069E-03,1.3922E-01,7.2323E-03,3.7313E-01,3.8570E+01
5.57,9.9606E-04,1.3879E-01,7.1766E-03,3.7255E-01,3.8860E+01
5.58,9.8534E-04,1.3836E-01,7.1214E-03,3.7197E-01,3.9151E+01
5.59,9.7476E-04,1.3794E-01,7.0666E-03,3.7140E-01,3.9445E+01
5.60,9.6430E-04,1.3751E-01,7.0124E-03,3.7083E-01,3.9740E+01
5.61,9.5396E-04,1.3709E-01,6.9586E-03,3.7026E-01,4.0037E+01
5.62,9.4375E-04,1.3667E-01,6.9053E-03,3.6969E-01,4.0336E+01
5.63,9.3367E-04,1.3625E-01,6.8525E-03,3.6912E-01,4.0637E+01
5.64,9.2370E-04,1.3583E-01,6.8002E-03,3.6856E-01,4.0940E+01
5.65,9.1385E-04,1.3542E-01,6.7483E-03,3.6799E-01,4.1245E+01
5.66,9.0412E-04,1.3501E-01,6.6969E-03,3.6743E-01,4.1552E+01
5.67,8.9451E-04,1.3459E-01,6.6460E-03,3.6687E-01,4.1860E+01
5.68,8.8501E-04,1.3418E-01,6.5955E-03,3.6631E-01,4.2171E+01
5.69,8.7562E-04,1.3378E-01,6.5455E-03,3.6575E-01,4.2483E+01
5.70,8.6635E-04,1.3337E-01,6.4959E-03,3.6520E-01,4.2797E+01
5.71,8.5718E-04,1.3296E-01,6.4467E-03,3.6464E-01,4.3114E+01
5.72,8.4812E-04,1.3256E-01,6.3980E-03,3.6409E-01,4.3432E+01
5.73,8.3917E-04,1.3216E-01,6.3497E-03,3.6354E-01,4.3752E+01
5.74,8.3033E-04,1.3176E-01,6.3018E-03,3.6299E-01,4.4074E+01
5.75,8.2159E-04,1.3136E-01,6.2543E-03,3.6244E-01,4.4399E+01
5.76,8.1295E-04,1.3097E-01,6.2073E-03,3.6189E-01,4.4725E+01
5.77,8.0442E-04,1.3057E-01,6.1607E-03,3.6135E-01,4.5053E+01
5.78,7.9598E-04,1.3018E-01,6.1145E-03,3.6080E-01,4.5383E+01
5.79,7.8765E-04,1.2979E-01,6.0687E-03,3.6026E-01,4.5716E+01
5.80,7.7941E-04,1.2940E-01,6.0233E-03,3.5972E-01,4.6050E+01
5.81,7.7127E-04,1.2901E-01,5.9783E-03,3.5918E-01,4.6386E+01
5.82,7.6322E-04,1.2863E-01,5.9336E-03,3.5864E-01,4.6725E+01
5.83,7.5527E-04,1.2824E-01,5.8894E-03,3.5811E-01,4.7065E+01
5.84,7.4741E-04,1.2786E-01,5.8456E-03,3.5757E-01,4.7408E+01
5.85,7.3964E-04,1.2748E-01,5.8021E-03,3.5704E-01,4.7753E+01
5.86,7.3196E-04,1.2710E-01,5.7590E-03,3.5651E-01,4.8099E+01
5.87,7.2438E-04,1.2672E-01,5.7163E-03,3.5598E-01,4.8448E+01
5.88,7.1688E-04,1.2634E-01,5.6740E-03,3.5545E-01,4.8799E+01
5.89,7.0946E-04,1.2597E-01,5.6320E-03,3.5492E-01,4.9152E+01
5.90,7.0214E-04,1.2560E-01,5.5904E-03,3.5440E-01,4.9507E+01
5.91,6.9490E-04,1.2523E-01,5.5492E-03,3.5387E-01,4.9865E+01
5.92,6.8774E-04,1.2486E-01,5.5083E-03,3.5335E-01,5.0224E+01
5.93,6.8066E-04,1.2449E-01,5.4677E-03,3.5283E-01,5.0586E+01
5.94,6.7367E-04,1.2412E-01,5.4276E-03,3.5231E-01,5.0950E+01
5.95,6.6675E-04,1.2375E-01,5.3877E-03,3.5179E-01,5.1316E+01
5.96,6.5992E-04,1.2339E-01,5.3482E-03,3.5127E-01,5.1684E+01
5.97,6.5317E-04,1.2303E-01,5.3090E-03,3.5075E-01,5.2055E+01
5.98,6.4649E-04,1.2267E-01,5.2702E-03,3.5024E-01,5.2428E+01
5.99,6.3989E-04,1.2231E-01,5.2317E-03,3.4973E-01,5.2803E+01
